"Guid","Name","SBQQ__MethodName__c","SBQQ__Version__c"
0f67e8cb-08b4-4180-a045-a079ec4de778,a2X5e000000Gs8A,viewPricingGuidanceLineAction,228.7
1e984f51-0e84-4482-b155-c6add3c1c10a,a2X5e000000Gs8B,createConfiguratorEditRulesAction,228.7
2960acc9-3320-486b-93ea-b5879dd169ec,a2X5e000000Gs88,createExternalConfiguratorCustomAction,228.7
2a786c23-5ee1-4701-a684-1f1912867e4b,a2X5e000000Gs8b,SBQQ.RootIdSetterChildAssets,228.7
2b0d5ff2-e0e0-4f4f-a1e4-7b0cafa1b820,a2X5e000000Gs8W,SBQQ.ProductRefFieldGenerator,228.7
2e918a41-8c82-4321-aa8c-a3eefef706de,a2X5e000000Gs8E,SBQQ.InstallProcessorBatchRegularPrice,228.7
45491e0d-524a-40d3-84a9-69dd09f6ddb2,a2X5e000000Gs8M,SBQQ.BatchableDSExclusionGenerator,228.7
45b4930f-bc10-4141-a531-b6216bb2fe3d,a2X5e000000Gs8K,SBQQ.ReferencedFieldRemover,228.7
46579b59-9a5c-4ca6-9232-f9b29c63f82c,a2X5e000000Gs8N,SBQQ.InstallProcessorBatchThemeGenerator,228.7
46d30eca-6383-48e4-bf3b-befa631c81be,a2X5e000000Gs8L,SBQQ.InstallProcessorBatchLocalizationIndex,228.7
4741f0c5-4da4-486d-aad6-6d2a86b48389,a2X5e000000Gs8J,SBQQ.InstallProcessorBatchRequiredByAsset,228.7
49a5c9fb-6a59-4680-b040-08465363c533,a2X5e000000Gs8H,SBQQ.BatchablePluginTranspileUtil,228.7
581c23ec-459c-480a-977a-cab158be82f8,a2X5e000000Gs8G,CalculatorReferencedFieldRemover,228.7
75bff461-8cea-44ad-ac09-0cfe8d4b6c8c,a2X5e000000Gs8I,SBQQ.InstallProcessorBatchQLIPriceBookEntry,228.7
9a6f85c8-3171-4c62-9eff-a3ea4f1b76c3,a2X5e000000Gs8C,enableFlagToPreventBackdatedAmendments,228.7
9c8079f0-adf9-4d3c-939b-de8e0f3b6625,a2X5e000000Gs8T,SBQQ.PriceRuleRefFieldGenerator,228.7
9d0af694-b6fc-4bc3-8c1b-7bd0fa8415f6,a2X5e000000Gs8Q,updateOIsWithAssetsContractsSubs,228.7
a366a20e-3e4d-4fde-b28c-ddcb7e43d4f8,a2X5e000000Gs8O,SBQQ.InstallProcessorBatchAssetCombineKey,228.7
a7acd821-ccfa-4368-bf90-158db24679e7,a2X5e000000Gs8X,SBQQ.BatchableConfigAttrReferencedFieldUtil,228.7
ac7c594f-b1fb-4d08-af3f-0edd6a9c7248,a2X5e000000Gs87,createViewConsumptionScheduleLineAction,228.7
af687458-8b15-4244-ba39-d2b6cb92e6e2,a2X5e000000Gs8F,SBQQ.InstallProcessorBatchQuantityEditable,228.7
b89596cf-6957-47ea-a564-7ca8e9692025,a2X5e000000Gs8V,SBQQ.CustomActionRefFieldGenerator,228.7
c67be03b-cf48-445d-abe4-e0bd6a2de81c,a2X5e000000Gs8Y,SBQQ.RootIdSetterParentSubscriptions,228.7
c69dd759-b2be-4df2-9f7c-6461731cc57a,a2X5e000000Gs8R,SBQQ.SummaryVarRefFieldGenerator,228.7
d75016c8-1e53-4680-89ba-10296153d6a3,a2X5e000000Gs8a,SBQQ.RootIdSetterChildSubscriptions,228.7
dc119d67-2246-4868-8851-2277f05d3187,a2X5e000000Gs8Z,SBQQ.RootIdSetterParentAssets,228.7
ddd2a908-e50b-483d-9fff-740cef0cd09d,a2X5e000000Gs8S,SBQQ.ProductRuleRefFieldGenerator,228.7
e4200db0-b300-44c0-bf20-aa4cc04b2de3,a2X5e000000Gs89,createAmendSubscriptionsCustomQleAction,228.7
e8320171-128b-4ebd-b8d9-3b921e22402a,a2X5e000000Gs8U,SBQQ.InstallProcessorBatchHasCS,228.7
eb4537aa-a3ed-43d3-995a-1dc3d8e699ed,a2X5e000000Gs86,createCustomActionsOnQLE,228.7
f15dd547-fbd1-4f63-a745-42c3d6525df5,a2X5e000000Gs8P,SBQQ.DiscountScheduleRefFieldGenerator,228.7
fb501a4f-9403-412f-9e39-12b37e86120c,a2X5e000000Gs8D,createAddRecommendedProductsAction,228.7
